treated,age,education,black,married,nodegree,re74,re75,re78,hispanic,u74,u75,q1
1,33,12,0,1,0,0,0,12418.0703125,NA,1,1,disagree
1,20,12,0,1,0,8644.15625,8644.15625,11656.505859375,0,0,0,strongly agree
0,39,12,1,1,0,19785.3203125,6608.13720703125,499.2572021484375,0,0,0,neutral
1,49,8,0,1,1,9714.5966796875,7285.94775390625,16717.12109375,0,0,0,no opinion
0,26,8,0,1,1,37211.7578125,36941.265625,30247.5,0,0,0,no opinion
0,38,10,1,1,1,14759.0634765625,14701.947265625,4393.52294921875,0,0,0,strongly disagree
0,28,12,0,0,0,0,803.343017578125,16477.01953125,0,1,0,agree
0,27,12,1,1,0,0,752.39007568359375,0,0,1,0,no opinion
1,33,12,1,1,0,20279.94921875,10941.349609375,15952.599609375,0,0,0,agree
0,44,9,1,1,1,12260.7802734375,10857.240234375,12359.3095703125,0,0,0,neutral
0,28,10,0,1,1,5440.818359375,NA,6793.0771484375,0,0,0,no opinion
0,31,12,0,0,0,0,494.64300537109375,0,0,1,0,neutral
0,24,12,0,1,0,28262.130859375,24294.74609375,665.7374267578125,0,0,NA,strongly agree
0,29,12,0,0,0,12116.611328125,12205.142578125,16328.9638671875,0,0,0,agree
0,20,11,0,1,1,7254.419921875,8159.5068359375,6336.78271484375,0,0,0,strongly disagree
0,22,10,0,1,1,25720.919921875,23031.98046875,5448.80078125,0,0,0,no opinion
1,35,9,1,1,NA,13602.4296875,13830.6396484375,12803.9697265625,0,0,0,disagree
1,42,9,1,1,1,0,3058.531005859375,1294.4090576171875,0,1,0,strongly disagree
1,21,13,0,0,0,9978.7509765625,8616.8525390625,99.57001495361328,0,0,0,disagree
1,23,12,0,0,0,5204.259765625,3903.19482421875,796.5596923828125,0,0,0,no opinion
0,18,12,0,0,0,735.205078125,735.205078125,2502.52587890625,0,0,0,no opinion
1,22,12,0,0,0,6759.994140625,8455.50390625,12590.7099609375,0,0,0,strongly agree
0,20,12,0,0,0,4139.75341796875,3104.815185546875,12573.9658203125,0,0,0,agree
0,22,12,1,1,0,9420.671875,9352.19921875,8072.181640625,0,0,0,no opinion
0,35,11,1,1,1,7096.7158203125,8720.9052734375,0,0,0,0,agree
1,NA,13,0,1,0,9381.56640625,853.72247314453125,0,0,0,0,strongly agree
0,41,12,1,0,0,10707.1611328125,9818.466796875,0,0,0,0,agree
0,30,11,1,1,1,0,9311.9384765625,3982.801025390625,0,1,0,agree
1,22,12,0,1,0,492.2304992675781,7055.7021484375,10092.830078125,1,0,0,disagree
1,27,12,1,1,0,10408.515625,7806.38671875,2777.585205078125,0,0,0,strongly disagree
1,42,14,1,1,0,0,0,13167.51953125,0,1,1,no opinion
0,27,10,1,1,1,13542.26953125,11280.7109375,0,0,0,0,no opinion
1,41,14,0,0,0,0,0,5149.5009765625,0,1,1,strongly agree
0,50,8,1,1,1,7506.73388671875,5630.05029296875,8997.193359375,0,0,0,strongly agree
1,26,10,1,1,1,9773.953125,8141.703125,4635.66015625,0,NA,0,strongly disagree
0,25,10,1,1,1,12428.1220703125,11696.3720703125,11127.2802734375,0,0,0,neutral
1,35,8,1,1,1,13732.0703125,17976.150390625,3786.6279296875,0,0,0,strongly agree
0,25,9,1,1,1,24731.619140625,16946.630859375,7343.9638671875,0,0,0,disagree
1,33,11,1,1,1,14660.7099609375,25142.240234375,4181.94189453125,0,0,0,disagree
0,28,12,1,1,0,0,0,0,0,1,1,disagree
0,27,11,1,1,1,20249.224609375,20035.255859375,9074.763671875,0,0,0,strongly disagree
1,46,8,1,1,1,0,0,3094.156005859375,0,1,1,neutral
0,30,14,1,1,0,0,0,7344.67822265625,0,1,1,neutral
1,19,10,0,0,1,0,5324.10888671875,13829.6201171875,0,1,0,neutral
0,34,13,1,1,0,0,0,5193.2470703125,0,1,1,strongly disagree
1,26,11,0,0,1,0,2226.26611328125,13385.8603515625,0,1,0,strongly disagree
0,30,11,1,1,1,24286.5078125,24105.38671875,7263.02490234375,0,0,0,disagree
0,36,12,1,0,0,0,142.3972930908203,0,0,1,0,neutral
1,45,5,1,1,1,0,NA,8546.71484375,0,1,1,disagree
1,NA,10,1,1,1,0,936.4385986328125,11233.259765625,0,1,0,no opinion
0,39,12,1,1,0,0,0,3795.799072265625,0,1,1,strongly disagree
0,23,9,1,1,1,19047.07421875,19289.8515625,7600.1044921875,0,0,0,neutral
0,27,11,1,1,1,0,4491.8837890625,0,0,1,0,strongly agree
1,38,12,0,0,0,0,0,4941.84912109375,0,1,1,strongly disagree
0,24,11,0,0,1,2669.72509765625,1468.383056640625,10361.6904296875,0,0,0,agree
1,26,11,1,1,1,0,1392.85302734375,1460.3599853515625,0,1,0,disagree
1,29,14,1,0,0,0,679.67340087890625,17814.98046875,0,1,0,strongly disagree
1,27,11,1,1,1,2336.114013671875,2142.216552734375,2186.189208984375,0,0,0,strongly agree
0,55,3,1,0,1,0,0,5843.7958984375,0,1,1,no opinion
0,20,11,0,0,1,1413.106689453125,1177.117919921875,8743.0703125,0,0,0,neutral
0,54,11,1,0,1,0,0,7812.52197265625,0,1,1,agree
0,36,12,0,0,0,13661.177734375,11491.9521484375,4978.50048828125,1,0,0,strongly disagree
0,23,10,1,1,1,0,0,0,0,1,1,neutral
0,28,11,0,0,1,2787.76123046875,3200.911865234375,7645.0546875,0,0,0,disagree
0,32,12,0,1,0,0,0,6735.31982421875,1,1,1,strongly agree
0,32,12,1,0,0,13283.171875,12419.1845703125,10673.697265625,0,0,0,neutral
0,18,9,0,0,1,0,559.59600830078125,7300.498046875,0,1,0,strongly agree
1,26,11,0,0,1,22893.87109375,22959.76171875,2746.614013671875,0,0,0,strongly agree
1,28,11,1,1,1,6702.451171875,6952.57958984375,7318.18603515625,0,0,0,strongly agree
0,28,11,1,1,1,824.388916015625,10033.91015625,0,0,0,0,neutral
1,26,12,1,0,0,8811.7373046875,6608.80322265625,5811.76513671875,0,0,0,strongly agree
0,31,13,1,0,0,10255.5361328125,10393.61328125,7404.76220703125,0,0,0,agree
0,28,9,1,1,1,10222.41015625,9210.447265625,1239.843994140625,0,0,0,strongly agree
1,24,12,1,0,0,11972.125,12982.3408203125,0,0,0,0,strongly disagree
1,46,13,1,0,0,0,0,647.20458984375,0,1,1,neutral
1,18,10,1,1,1,785.05902099609375,1958.0963134765625,10989.927734375,0,0,0,disagree
0,26,11,1,1,1,0,4184.73193359375,0,0,1,0,neutral
1,26,11,1,1,1,0,2754.64599609375,26372.279296875,0,1,0,agree
0,22,12,1,0,0,4380.01708984375,2003.6800537109375,439.6881103515625,0,0,0,neutral
1,41,9,1,1,1,7864.9072265625,7212.1201171875,3154.719970703125,0,0,0,strongly disagree
0,22,10,0,0,1,27864.359375,10598.669921875,7094.919921875,0,0,0,disagree
0,19,10,0,0,1,0,0,3194.010009765625,0,1,1,strongly agree
0,25,11,1,1,1,2336.114013671875,3266.40576171875,479.2677001953125,0,0,0,neutral
0,29,13,1,0,0,718.24920654296875,2265.5791015625,2725.322021484375,0,0,0,strongly agree
0,21,9,0,0,1,2988.412109375,1577.1669921875,1740.198974609375,0,0,0,strongly disagree
1,24,11,1,1,1,824.38861083984375,1666.113037109375,4032.7080078125,0,0,NA,neutral
1,29,12,1,0,0,9748.38671875,4878.93701171875,10976.509765625,0,0,0,no opinion
0,29,12,1,0,0,0,1359.3465576171875,132.75999450683594,0,1,0,no opinion
1,19,8,0,0,1,4101.92919921875,3416.906982421875,9251.3564453125,0,0,0,no opinion
0,25,9,1,1,1,0,0,4715.37109375,0,1,1,disagree
1,31,9,1,0,1,0,1698.6070556640625,10363.26953125,0,1,0,strongly disagree
0,28,13,1,0,0,0,0,0,0,1,1,agree
1,21,11,1,1,1,3523.636962890625,4167.998046875,11300.23828125,0,0,0,neutral
0,21,10,1,1,1,1946.760986328125,1785.1798095703125,6831.10546875,0,0,0,agree
0,27,12,0,0,0,0,0,14792.900390625,0,1,1,disagree
1,27,12,1,0,0,1971.310302734375,4310.455078125,0,0,0,0,disagree
0,26,12,0,0,0,0,0,12383.6796875,0,1,1,strongly agree
1,31,13,0,0,0,5996.01904296875,5498.349609375,NA,0,0,0,strongly disagree
1,24,15,1,NA,0,12813.505859375,13008.4970703125,14683.62890625,0,0,0,neutral
1,23,8,0,1,1,0,1713.1500244140625,4232.30908203125,0,1,0,agree
0,28,12,1,1,0,10585.1298828125,5551.4560546875,12780.01953125,0,0,0,agree
1,31,12,0,0,0,0,2611.218017578125,2484.549072265625,0,1,0,disagree
1,26,12,1,0,0,1051.2508544921875,1088.906982421875,11460.5634765625,0,0,0,neutral
1,25,13,1,0,0,12362.9296875,3090.73193359375,0,0,0,0,no opinion
0,26,14,1,1,0,2025.5662841796875,2025.5662841796875,0,0,0,NA,neutral
0,33,9,0,1,1,0,0,0,1,1,1,no opinion
1,24,12,0,1,0,7864.89697265625,7212.1103515625,6485.50830078125,1,0,0,no opinion
0,21,14,1,0,0,6463.24365234375,5926.79443359375,29408.037109375,0,0,0,agree
1,26,12,1,1,0,8408.76171875,5794.8310546875,1424.9439697265625,0,0,0,neutral
0,24,12,1,0,0,0,159.88470458984375,0,0,1,0,strongly disagree
0,24,12,1,0,0,4739.03076171875,8100.533203125,11235.10546875,NA,0,0,no opinion
1,25,12,0,0,0,0,0,5587.5029296875,0,1,1,disagree
1,42,14,1,0,0,0,0,20505.9296875,0,1,1,strongly disagree
1,18,12,1,0,0,562.65704345703125,562.65704345703125,0,0,0,0,no opinion
0,25,12,1,1,0,0,0,0,0,1,1,strongly agree
1,21,12,1,0,0,6473.68310546875,3332.408935546875,9371.037109375,0,0,0,strongly disagree
0,20,12,1,0,0,7182.4921875,6004.72802734375,4779.72021484375,0,0,0,agree
1,20,12,1,0,0,0,0,0,0,1,1,no opinion
0,20,12,1,0,0,557.69879150390625,1371.4730224609375,20893.109375,0,0,0,agree
0,19,11,0,1,1,308.21923828125,308.21923828125,0,1,0,0,neutral
1,23,12,1,1,0,0,0,5911.55078125,0,1,1,agree
0,26,12,1,1,0,0,0,6191.94287109375,0,1,1,disagree
1,31,11,1,1,1,NA,0,14509.9296875,0,1,1,disagree
0,27,13,0,0,0,5214.30615234375,474.5018005371094,4812.576171875,0,0,0,disagree
1,41,4,1,1,1,0,0,7284.98583984375,0,1,1,neutral
0,27,12,0,0,0,6044.951171875,5035.4443359375,0,0,0,0,no opinion
0,26,13,0,0,0,6476.73291015625,5395.11865234375,9766.2001953125,0,0,0,strongly disagree
0,39,11,1,0,1,0,83.68963623046875,0,0,1,0,strongly disagree
1,30,11,1,1,1,0,0,590.78179931640625,0,1,1,strongly disagree
0,28,12,1,1,0,31634.794921875,29009.107421875,10067.4345703125,0,0,0,strongly agree
1,21,12,0,0,0,0,0,8048.60302734375,0,1,1,agree
1,23,12,0,0,0,9385.740234375,1117.43896484375,559.44317626953125,1,0,0,no opinion
1,27,12,1,1,0,3670.8720703125,334.0492858886719,0,0,0,0,strongly agree
0,NA,12,0,0,0,0,0,11294.6298828125,0,1,1,strongly agree
1,25,14,1,1,0,35040.0703125,11536.5703125,36646.94921875,0,0,0,agree
0,21,12,0,0,0,7254.419921875,5440.81494140625,11544.0087890625,0,0,0,agree
1,21,12,0,0,0,8059.57958984375,7390.63427734375,3557.934326171875,0,0,0,strongly agree
1,21,12,0,0,0,3670.8720703125,334.0494079589844,12558.01953125,0,0,0,strongly agree
1,38,11,1,0,1,0,0,0,0,1,1,no opinion
1,40,12,1,0,0,0,0,10804.3203125,0,NA,1,neutral
1,41,9,1,1,1,6307.50390625,5783.9814453125,0,0,0,0,disagree
0,28,10,1,1,1,8293.3447265625,6449.47998046875,16988.1796875,0,0,0,neutral
1,42,12,1,0,0,0,0,2456.153076171875,0,1,1,strongly disagree
1,27,8,1,0,1,6150.48291015625,7218.27734375,NA,0,0,0,disagree
1,23,12,1,1,0,15979.0126953125,15079.947265625,10283.48828125,0,0,0,no opinion
1,48,4,1,0,1,0,0,6551.591796875,0,1,1,disagree
1,29,10,0,0,1,0,8853.673828125,5112.01416015625,1,1,0,disagree
0,27,7,1,1,1,0,0,0,0,1,1,strongly disagree
1,44,11,1,0,1,0,0,0,0,1,1,disagree
0,26,8,1,1,1,3854.585205078125,4084.258056640625,0,0,0,0,strongly agree
1,37,11,1,1,1,0,0,9930.0458984375,0,1,1,no opinion
1,31,9,1,0,1,10717.0302734375,5517.8408203125,9558.5009765625,0,0,0,neutral
0,36,11,1,0,1,5519.66943359375,7311.5615234375,0,0,0,0,neutral
0,22,7,1,0,1,13503.76953125,13503.76953125,11607.0849609375,0,0,0,disagree
0,50,10,0,0,1,0,0,0,1,1,1,strongly disagree
1,29,11,1,1,1,0,0,9642.9990234375,0,1,1,neutral
1,38,9,0,0,1,0,0,6408.9501953125,0,1,1,agree
0,28,11,1,0,1,17491.44921875,13371.25,0,0,0,0,disagree
0,36,11,0,0,1,5443.73388671875,3063.8779296875,1324.5419921875,1,0,0,neutral
0,22,11,1,1,1,0,0,1698.303955078125,0,1,1,disagree
1,33,11,1,0,1,0,7867.916015625,6281.43310546875,0,1,0,agree
1,31,4,1,0,1,8517.5888671875,4023.2109375,7382.548828125,NA,0,0,neutral
1,37,9,1,0,1,0,0,1067.5059814453125,0,1,1,agree
0,29,11,1,1,1,0,0,10225.8798828125,0,1,1,neutral
0,34,12,1,0,0,4906.619140625,4087.2138671875,5670.8193359375,0,0,0,neutral
0,45,9,1,0,1,0,0,4844.80322265625,0,1,1,agree
0,31,11,1,0,1,19555.31640625,18291.412109375,0,0,0,0,strongly agree
0,NA,11,1,0,1,8419.75,7505.21337890625,308.3352355957031,0,0,0,disagree
1,19,9,0,0,1,3083.6689453125,3276.150390625,14271.2353515625,1,0,0,neutral
0,33,12,1,0,0,0,0,5970.2568359375,0,1,1,disagree
1,17,10,1,0,1,1291.468017578125,5793.85205078125,5522.7880859375,0,0,0,agree
1,25,11,1,1,1,0,0,1574.4239501953125,0,1,1,NA
0,22,11,1,0,1,1167.015380859375,875.26153564453125,9139.65234375,0,0,0,NA
1,22,11,1,0,1,8176.39208984375,7497.75146484375,668.74658203125,0,0,0,strongly agree
0,19,8,0,0,1,1087.80322265625,1087.80322265625,2987.100830078125,1,0,0,strongly agree
1,22,11,1,0,1,12300.9228515625,12170.943359375,8408.392578125,0,0,0,agree
0,25,10,1,1,1,0,0,3701.81201171875,0,1,1,neutral
0,25,10,1,1,1,13519.9697265625,9319.4443359375,0,0,0,0,agree
0,43,10,1,0,1,2502.867919921875,4128.44287109375,7565.27294921875,0,0,0,no opinion
0,34,11,1,1,1,0,0,6040.3349609375,0,1,1,agree
1,46,8,1,0,1,3165.657958984375,2594.722900390625,0,0,0,0,no opinion
0,21,11,1,1,1,9659.4150390625,7244.56103515625,8976.826171875,0,0,0,disagree
0,22,9,1,0,1,0,506.4075927734375,604.19873046875,0,1,0,strongly agree
0,34,10,1,1,1,0,0,0,0,1,1,disagree
1,29,10,1,0,1,0,4398.9501953125,0,0,1,0,agree
1,28,11,1,0,1,NA,6871.85595703125,0,0,0,0,neutral
1,28,11,1,0,1,0,1284.0789794921875,60307.9296875,0,1,0,disagree
1,28,10,1,0,1,0,2836.506103515625,3196.571044921875,0,1,0,agree
0,45,11,1,0,1,0,0,11796.4697265625,0,1,1,no opinion
0,27,11,1,0,1,0,0,11197.33984375,0,1,1,no opinion
1,27,11,1,0,1,3311.802734375,2483.85205078125,0,0,0,0,disagree
0,26,12,1,0,0,9247.1015625,8479.5927734375,10820.552734375,0,0,0,disagree
1,27,10,1,0,1,3504.168212890625,3213.322265625,NA,0,0,0,no opinion
1,29,4,1,0,1,0,0,762.91461181640625,0,1,1,agree
1,25,11,1,0,1,0,0,9897.048828125,0,1,1,no opinion
0,18,7,1,0,1,0,0,4132.5771484375,0,1,1,neutral
1,23,12,1,0,0,9342.1875,7782.0419921875,14416.8359375,0,0,0,neutral
1,23,12,1,0,0,5506.30810546875,501.0740966796875,671.331787109375,0,0,0,agree
0,34,12,1,0,0,0,0,2113.721923828125,0,1,1,strongly disagree
1,24,11,1,0,1,9344.451171875,9180.919921875,0,0,0,0,agree
0,24,11,1,0,1,0,1327.9930419921875,9495.90234375,0,1,0,disagree
0,30,12,1,0,0,0,0,13613.349609375,0,1,1,no opinion
0,26,8,1,0,1,1126.2900390625,5562.59814453125,3523.577880859375,0,0,0,agree
1,21,12,1,0,0,473.11419677734375,807.95111083984375,4350.9072265625,0,0,0,agree
0,23,11,1,0,1,0,0,4350.9072265625,0,1,1,neutral
0,23,11,1,0,1,7617.36181640625,5716.4072265625,10274.83984375,0,0,0,no opinion
1,25,9,1,0,1,1419.3436279296875,1536.5029296875,1709.3424072265625,0,0,0,neutral
1,24,10,1,0,1,4250.40185546875,2421.947021484375,1660.508056640625,0,0,0,disagree
1,31,11,1,1,1,0,0,8087.48681640625,0,1,1,disagree
1,18,11,1,0,1,0,0,4814.626953125,0,1,1,disagree
0,18,11,1,0,1,0,0,11303.1396484375,0,1,1,neutral
0,18,11,1,0,1,788.5233154296875,2041.363037109375,796.55902099609375,0,0,0,disagree
0,18,11,1,0,1,8784.2373046875,8784.2373046875,1824.3765869140625,0,0,0,disagree
0,17,10,1,0,1,0,0,2657.705078125,0,1,1,strongly agree
0,25,11,1,1,1,0,0,44.75545883178711,0,1,1,strongly disagree
0,19,11,1,0,1,3504.013916015625,3285.679931640625,11195.9296875,0,0,0,strongly agree
0,19,11,1,0,1,6337.4921875,4503.06396484375,0,0,0,0,neutral
0,19,11,1,0,1,1868.0213623046875,1868.0213623046875,0,0,0,0,neutral
0,19,11,1,0,1,5217.3173828125,5160.2587890625,0,0,0,0,strongly agree
1,19,11,1,0,1,2305.02587890625,2615.27587890625,4146.60302734375,0,0,0,no opinion
1,19,11,1,0,1,9856.537109375,10224.375,11293.8095703125,0,0,0,disagree
0,19,11,NA,0,1,946.22772216796875,1615.9010009765625,8823.0595703125,0,0,0,no opinion
0,19,11,1,0,1,393.85980224609375,393.85980224609375,2481.518310546875,0,0,0,strongly agree
1,21,11,1,0,1,NA,2217.724365234375,4082.369873046875,0,0,0,strongly agree
0,20,11,1,NA,1,7964.08642578125,8012.08544921875,18155.83203125,0,0,0,strongly disagree
0,20,11,1,0,1,2569.724609375,2531.31103515625,0,0,0,0,neutral
0,20,11,1,0,1,7967.20947265625,7967.20947265625,0,0,0,0,neutral
0,NA,11,1,0,1,1650.4609375,1650.4609375,278.87506103515625,0,0,0,agree
0,20,11,1,0,1,1168.0567626953125,1633.202392578125,1310.7265625,0,0,0,strongly agree
1,20,11,1,0,1,3637.498046875,1220.8360595703125,1085.43994140625,0,0,0,no opinion
0,24,9,1,0,1,2621.842529296875,4118.6806640625,597.41998291015625,0,0,0,agree
0,30,9,0,0,1,3426.299560546875,3141.916748046875,1320.9224853515625,0,0,0,neutral
0,31,10,1,1,1,0,0,0,0,1,1,agree
0,18,10,1,0,1,678.13018798828125,2456.994140625,13674.74609375,0,0,0,strongly disagree
0,18,10,1,0,1,0,273.552490234375,5514.365234375,0,1,0,disagree
1,18,10,1,0,1,2143.410888671875,1784.2740478515625,11141.3896484375,0,0,0,neutral
0,28,11,0,1,1,3472.947998046875,0,6771.6220703125,1,0,1,disagree
1,17,9,1,0,1,0,0,0,0,1,1,strongly agree
1,17,9,1,0,1,375.1047058105469,375.1047058105469,3621.70703125,0,0,0,strongly disagree
1,17,9,1,0,1,1716.509033203125,1253.43896484375,5445.2001953125,0,0,0,strongly agree
0,25,10,1,1,1,0,0,0,0,1,1,agree
0,44,11,1,0,1,0,0,0,0,1,1,agree
0,22,10,1,0,1,0,2174.955078125,5344.02099609375,0,1,0,disagree
1,19,10,1,0,1,2959.07666015625,3213.11279296875,2975.031494140625,0,0,0,agree
1,19,10,1,0,1,4121.94921875,6056.75390625,0,0,0,0,disagree
0,21,10,1,0,1,6661.06298828125,1162.362060546875,39483.53125,0,0,0,strongly agree
0,29,12,1,0,0,22859.439453125,2080.208984375,16969.94921875,0,0,0,neutral
1,29,12,1,0,0,10881.9404296875,1817.2840576171875,0,0,0,0,no opinion
0,20,10,1,0,1,825.23016357421875,825.23016357421875,0,0,0,0,no opinion
1,20,10,1,0,1,11073.0888671875,11073.0888671875,0,0,0,0,strongly agree
0,20,10,1,0,1,3114.817138671875,2856.287353515625,18347.255859375,0,0,0,disagree
0,20,10,1,0,1,3666.63623046875,2749.97705078125,6867.74072265625,0,0,0,disagree
0,20,10,1,0,1,0,0,8598.5224609375,0,1,1,agree
0,18,9,1,0,1,0,0,0,0,1,1,disagree
0,18,9,1,0,1,2138.093994140625,2138.093994140625,5767.70458984375,0,0,0,agree
1,17,8,1,0,1,0,0,0,0,1,1,strongly agree
1,17,8,1,0,1,0,0,0,0,1,1,disagree
0,26,10,1,1,1,6140.3671875,558.77337646484375,0,0,0,0,neutral
1,26,10,1,1,1,2027.9990234375,0,0,0,0,1,neutral
1,22,9,1,0,1,2192.876953125,3836.986083984375,3462.56396484375,0,0,0,no opinion
0,19,9,1,0,1,8409.626953125,1778.0889892578125,7171,0,0,0,no opinion
0,21,9,1,0,1,31886.4296875,12357.2197265625,0,0,0,0,no opinion
0,20,9,1,0,1,7688.107421875,9164.44921875,8924.3955078125,0,0,0,strongly agree
0,20,9,1,0,1,9718.20703125,9691.033203125,8562.603515625,0,0,0,no opinion
0,31,4,0,0,1,11680.564453125,10711.0771484375,0,0,0,0,agree
0,44,9,1,0,1,0,0,9722.0029296875,0,1,1,agree
0,18,7,0,1,1,3059.47412109375,2672.2021484375,6330.8876953125,1,0,0,neutral
1,19,8,1,0,1,2636.35302734375,2937.263916015625,7535.94189453125,0,0,0,neutral
1,21,8,1,0,1,989.267822265625,3695.89697265625,4279.61279296875,0,0,0,strongly disagree
0,19,10,1,1,1,0,0,12797.669921875,0,1,1,agree
0,17,10,0,0,1,1203.6090087890625,1239.6280517578125,5088.98583984375,1,0,0,no opinion
0,19,NA,1,1,1,0,0,16658.25,0,1,1,strongly disagree
0,19,6,0,0,1,0,0,5071.80078125,1,1,1,strongly disagree
0,29,11,1,1,1,0,0,0,0,1,1,strongly disagree
0,17,9,0,0,1,0,0,5114.81396484375,1,1,1,strongly agree
0,25,8,1,1,1,330.9494934082031,515.82745361328125,14281.306640625,0,0,0,strongly agree
1,29,10,1,1,1,4687.8017578125,4923.26318359375,130.6791229248047,0,0,0,no opinion
1,24,10,1,1,1,11703.2001953125,4078.152099609375,0,0,0,0,neutral
0,28,8,0,0,1,0,0,8190.4208984375,0,1,1,strongly disagree
0,33,NA,1,0,1,10523.830078125,2899.820068359375,18859.890625,0,0,0,agree
1,21,11,0,0,1,1261.63720703125,946.2279052734375,11412.2353515625,0,0,0,strongly agree
1,26,11,0,0,1,3807.535888671875,4676.45703125,1973.3453369140625,0,0,0,strongly disagree
0,28,11,1,1,1,8593.1630859375,5393.89501953125,4974.5859375,0,0,0,neutral
0,23,10,1,1,1,10746.078125,9854.1533203125,0,0,0,0,disagree
0,31,12,1,0,0,0,5613.9091796875,0,0,1,0,strongly disagree
0,31,12,1,0,0,0,0,7284.39404296875,0,1,1,neutral
1,25,11,0,0,1,0,0,18783.349609375,0,1,1,strongly disagree
1,25,12,1,0,0,3297.2490234375,2746.6083984375,2090.678466796875,0,0,0,disagree
1,25,12,1,0,0,0,0,11965.8095703125,0,1,1,strongly disagree
0,24,10,0,0,1,3000.837646484375,3000.837646484375,5350.0380859375,1,0,0,strongly agree
1,18,11,0,0,1,5491.53515625,5491.53515625,2454.5,1,0,0,disagree
0,27,11,1,1,1,1122.62060546875,1122.62060546875,215.83480834960938,0,0,0,strongly disagree
1,17,10,0,0,1,2102.50244140625,2202.79638671875,4387.05712890625,1,0,0,strongly disagree
0,17,10,0,0,1,1442.6810302734375,1734.5589599609375,6354.19384765625,1,0,0,no opinion
0,17,10,0,0,1,4905.119140625,1168.9019775390625,11306.26953125,1,0,0,strongly agree
1,43,9,1,0,1,0,0,0,0,1,1,strongly agree
1,25,10,0,0,1,5139.44775390625,4712.8740234375,6103.74609375,0,0,0,no opinion
0,25,NA,0,0,1,8877.2109375,8140.40234375,3412.954833984375,0,0,0,strongly disagree
0,21,14,1,0,0,0,0,5775.06201171875,0,1,1,strongly disagree
1,21,11,0,0,1,6852.5986328125,6658.5625,9381.294921875,1,0,0,strongly agree
0,21,11,0,0,1,2992.533935546875,8920.470703125,20857.83984375,1,0,0,strongly agree
0,17,11,0,0,1,0,0,0,0,1,1,strongly disagree
1,18,10,0,0,1,12717.955078125,12625.5107421875,0,1,0,0,strongly agree
0,18,10,0,0,1,0,0,1859.1669921875,1,1,1,strongly agree
1,27,NA,1,1,1,0,0,18739.9296875,0,1,1,agree
1,22,10,1,1,1,1468.3480224609375,5588.6640625,13228.2802734375,0,0,0,neutral
0,30,13,1,0,0,6073.89453125,5569.76123046875,0,0,0,0,strongly disagree
0,23,11,0,0,1,21492.203125,19995.642578125,12896.216796875,0,0,0,strongly disagree
0,19,10,0,0,1,0,0,0,1,1,1,neutral
0,19,10,0,0,1,1261.63818359375,2275.36767578125,4335.1591796875,1,0,0,neutral
1,18,11,0,0,1,3678.23095703125,919.55792236328125,4321.705078125,0,0,0,neutral
0,27,12,0,0,0,27913.662109375,24276.974609375,15762.876953125,1,0,0,neutral
0,17,10,0,0,1,2417.982421875,2465.61328125,4211.66162109375,0,0,0,strongly agree
1,26,12,1,0,0,0,0,10747.349609375,0,1,1,strongly disagree
0,26,12,1,0,0,0,0,0,0,1,1,neutral
1,22,11,0,0,1,0,0,1048.4320068359375,0,1,1,strongly agree
0,19,11,0,0,1,823.25439453125,823.25439453125,2649.598876953125,0,0,0,no opinion
0,19,11,0,0,1,0,0,0,0,1,1,disagree
1,27,9,1,NA,1,0,934.44537353515625,1773.4229736328125,0,1,0,neutral
1,30,12,1,0,0,0,0,24909.44921875,0,1,1,no opinion
0,20,11,0,0,1,1545.50732421875,1159.1304931640625,0,0,0,0,no opinion
1,25,8,0,0,1,24415.234375,23096.65234375,6421.5302734375,0,0,0,disagree
0,19,9,0,0,1,2686.530029296875,2750.8408203125,15581.4365234375,1,0,0,strongly disagree
0,29,14,1,0,0,3357.185302734375,3357.185302734375,7226.04931640625,0,0,0,strongly agree
0,26,10,1,1,1,12143.2412109375,9107.4306640625,12659.576171875,0,0,0,strongly disagree
1,17,9,0,0,1,1618.1497802734375,1618.1497802734375,6011.02099609375,0,0,0,strongly disagree
1,25,11,1,1,1,0,0,0,0,1,1,no opinion
0,24,8,0,0,1,0,0,10569.26953125,0,1,1,strongly disagree
1,29,13,1,0,0,0,NA,7479.65576171875,0,1,1,neutral
1,25,12,1,0,0,6939.01220703125,5204.25927734375,0,0,0,0,no opinion
0,17,8,0,0,1,0,0,10210.990234375,0,1,1,agree
1,28,15,1,0,0,0,0,9598.541015625,0,1,1,disagree
1,19,9,0,0,1,0,0,13188.830078125,0,1,1,strongly agree
1,25,12,1,0,0,14426.7900390625,2409.27392578125,0,0,0,0,no opinion
0,25,10,1,1,1,0,0,0,0,1,1,disagree
0,18,8,0,0,1,1168.056396484375,1345.909423828125,1725.5924072265625,0,0,0,neutral
0,29,12,1,0,0,0,0,1890.93701171875,0,1,1,strongly agree
0,NA,14,1,0,0,7850.5849609375,6539.53759765625,3123.1162109375,0,0,0,agree
0,18,6,0,0,1,6385.3740234375,6142.6806640625,3825.3076171875,1,0,0,agree
0,42,10,1,0,1,0,0,6930.3359375,0,1,1,no opinion
1,23,7,0,0,NA,0,0,0,0,1,1,neutral
1,18,8,0,1,1,0,0,2787.9599609375,1,1,1,strongly disagree
0,21,11,1,1,1,7652.11962890625,7652.11962890625,8396.654296875,0,0,0,agree
1,23,10,1,1,1,9462.2880859375,10495.083984375,3385.810791015625,0,0,0,disagree
0,24,12,1,0,0,0,0,0,0,1,1,neutral
0,27,13,1,0,0,9593.6181640625,8797.34765625,1653.481201171875,0,0,0,neutral
1,27,13,1,0,0,0,0,0,0,1,1,no opinion
1,27,13,1,0,0,0,0,14581.8603515625,0,1,1,neutral
0,27,13,1,0,0,0,0,7609.51806640625,0,1,1,disagree
1,27,13,1,0,0,0,0,34099.28125,0,1,1,agree
0,27,12,1,0,0,31166.80859375,32984.25,10833.341796875,0,0,0,strongly disagree
1,27,12,1,0,0,NA,357.94989013671875,22163.25,0,0,0,no opinion
0,27,12,1,0,0,3311.8017578125,2483.851318359375,3552.26806640625,0,0,0,agree
0,38,10,1,0,1,0,0,0,0,1,1,strongly disagree
1,22,16,1,0,0,NA,0,2164.02197265625,0,1,1,agree
0,26,12,1,0,0,7322.03662109375,7322.03662109375,4677.04931640625,0,0,0,no opinion
1,22,12,1,0,0,5605.85205078125,936.17730712890625,0,0,0,0,strongly agree
0,22,12,1,0,0,0,0,0,0,1,1,neutral
0,25,13,1,0,0,10240.357421875,10240.357421875,10020.71484375,0,0,0,disagree
0,25,13,1,0,0,3751.047607421875,3751.047607421875,1672.7760009765625,0,0,0,no opinion
1,25,12,1,0,0,0,0,3191.7529296875,0,1,1,strongly disagree
1,25,12,1,0,0,0,0,0,0,1,1,disagree
0,25,12,1,0,0,0,0,3418.096923828125,0,1,1,no opinion
0,25,12,1,0,0,0,0,0,0,1,1,disagree
1,25,12,1,0,0,0,0,2348.972900390625,0,1,1,neutral
1,21,13,1,0,0,0,0,17094.640625,0,1,1,strongly agree
0,25,11,0,1,1,0,0,4485.6162109375,1,1,1,disagree
1,24,12,1,0,0,20580.48046875,18154.0546875,0,0,0,0,strongly disagree
1,24,12,1,0,0,13765.75,2842.763916015625,6167.68115234375,0,0,0,neutral
1,21,NA,1,0,0,27052.154296875,24806.826171875,8803.666015625,0,0,0,neutral
0,20,13,1,0,0,9106.6767578125,8965.2431640625,9199.5625,0,0,0,neutral
1,20,12,1,0,0,989.267822265625,165.20770263671875,0,0,0,0,neutral
1,23,12,1,0,0,6614.12158203125,7841.97216796875,7947.2568359375,0,0,0,no opinion
1,23,12,1,0,0,0,0,0,0,1,1,neutral
1,23,12,1,0,0,0,0,4843.17578125,0,1,1,agree
1,23,12,1,0,0,6269.3408203125,3039.9599609375,8484.2392578125,0,0,0,no opinion
0,20,12,1,0,0,0,0,0,0,1,1,strongly agree
1,18,12,1,0,0,0,0,2321.10693359375,0,1,1,disagree
0,18,12,1,0,0,0,1405.511962890625,0,0,1,0,disagree
0,18,12,1,0,0,700.833740234375,642.66448974609375,14444.7099609375,0,0,0,no opinion
0,22,12,1,0,0,2590.6962890625,2158.050048828125,0,0,0,0,agree
1,22,12,1,0,0,0,0,18678.080078125,0,1,1,strongly agree
0,22,12,1,0,0,709.67144775390625,532.25360107421875,1333.445068359375,0,0,0,neutral
1,19,12,1,0,0,3042.103759765625,2534.072509765625,4551.978515625,0,0,0,strongly agree
1,21,12,1,0,0,NA,0,1254.58203125,0,1,1,agree
1,21,12,1,0,0,0,0,9983.7841796875,0,1,1,no opinion
0,21,12,1,0,0,449.0479431152344,449.0479431152344,0,0,0,0,disagree
0,20,12,1,0,0,6576.2861328125,4932.21484375,6086.96630859375,NA,0,0,disagree
1,20,12,1,0,0,1265.3941650390625,1160.366455078125,702.18389892578125,0,0,0,strongly disagree
1,20,12,1,0,0,8113.89501953125,6085.42138671875,9750.66015625,0,0,0,disagree
0,20,12,1,0,0,0,591.81512451171875,4159.9189453125,0,1,0,no opinion
1,20,12,1,0,0,9227.55859375,9227.55859375,0,0,0,0,disagree
1,20,12,1,0,0,0,377.568603515625,NA,0,1,0,strongly agree
0,19,12,1,0,0,8417,2814.195068359375,1720.906982421875,0,0,0,strongly agree
1,19,11,0,1,1,5424.48486328125,5463.80322265625,6788.462890625,1,0,0,strongly disagree
0,19,12,1,0,0,0,0,0,0,1,1,disagree
1,40,11,1,0,1,0,0,23005.599609375,0,1,1,disagree
0,18,10,0,1,1,2308.07373046875,1922.62548828125,4768.3544921875,1,0,0,strongly disagree
0,27,12,0,0,0,2920.142333984375,2677.7705078125,17395.16796875,1,0,0,strongly disagree
1,20,6,0,1,1,10802.982421875,10802.982421875,4488.49462890625,1,0,0,no opinion
0,36,7,1,0,1,1752.0853271484375,1606.6622314453125,20780.6484375,0,0,0,no opinion
0,24,7,1,0,1,0,0,1455.68994140625,0,1,1,strongly disagree
0,21,8,1,0,1,879.26611328125,2237.20849609375,1764.107666015625,0,0,0,no opinion
0,35,11,1,0,1,0,0,0,0,1,1,agree
0,39,9,1,0,1,0,0,0,0,1,1,neutral
0,23,12,0,0,0,5721.69580078125,8960.68359375,7078.17822265625,1,0,0,neutral
1,18,12,0,0,0,584.02752685546875,535.55328369140625,1115.859619140625,1,0,0,strongly agree
0,29,9,1,0,1,9268.943359375,9160.693359375,0,0,0,0,strongly disagree
0,36,10,1,0,1,0,0,14690.349609375,0,1,1,neutral
1,33,8,1,0,1,0,0,289.7898864746094,0,1,1,strongly agree
0,32,11,1,0,1,0,0,11120.5302734375,0,1,1,disagree
0,39,6,1,0,1,0,0,0,0,1,1,strongly agree
0,38,10,1,0,1,0,0,12429.91015625,0,1,1,disagree
0,38,8,1,0,1,0,0,0,0,1,1,neutral
0,37,10,1,0,1,8606.7431640625,8606.7431640625,0,0,0,0,disagree
0,20,10,1,0,1,690.1920166015625,690.1920166015625,10864.8759765625,0,0,0,disagree
0,36,10,1,0,1,0,0,0,0,1,1,no opinion
1,27,11,1,0,1,0,0,7506.14599609375,0,1,1,disagree
1,35,NA,1,0,1,0,0,4666.23583984375,0,1,1,neutral
0,35,10,1,0,1,9902.7626953125,9902.7626953125,9453.8271484375,0,0,0,strongly disagree
0,35,10,1,0,1,0,0,445.8309020996094,0,1,1,agree
0,25,10,1,0,1,0,0,20942.240234375,0,1,1,agree
0,24,11,1,0,1,0,0,14626.3896484375,0,1,1,agree
1,30,11,1,NA,1,0,0,0,0,1,1,disagree
0,20,9,0,0,1,0,0,8329.8232421875,1,1,1,no opinion
0,23,11,1,0,1,37849.0703125,29897.189453125,23483.451171875,0,0,0,agree
0,34,11,1,0,1,0,0,2920.198974609375,0,1,1,disagree
0,34,11,1,0,1,8912.484375,8912.484375,5611.8662109375,0,0,0,neutral
1,23,10,1,0,1,17131.466796875,15709.5556640625,5665.06640625,0,0,0,strongly disagree
1,25,8,1,0,1,37431.66015625,37431.66015625,2346.828125,0,0,0,no opinion
0,34,10,1,0,1,0,0,7952.5400390625,0,1,1,no opinion
0,30,8,1,0,1,0,1706.656982421875,0,0,1,0,agree
0,21,7,0,0,1,NA,0,0,1,1,1,disagree
0,34,9,1,0,1,5244.193359375,4368.4130859375,14051.15625,0,0,0,no opinion
1,20,9,1,0,1,6083.994140625,0,8881.6650390625,0,0,1,disagree
0,29,11,1,0,1,0,0,0,0,1,1,agree
0,33,11,1,0,1,0,0,0,0,1,1,strongly disagree
1,34,NA,1,0,1,1143.359375,857.51953125,0,0,0,0,neutral
1,29,8,1,0,1,0,0,1923.93798828125,0,1,1,strongly disagree
0,28,10,1,NA,1,10979.7138671875,10068.3974609375,0,0,0,0,strongly disagree
0,29,9,0,0,1,9594.3076171875,16341.16015625,16900.30078125,1,0,0,disagree
1,32,11,1,0,1,0,0,8472.158203125,NA,1,1,agree
1,27,11,1,0,1,17075.033203125,14223.501953125,7661.97265625,0,0,0,strongly agree
1,32,10,1,0,1,2786.958740234375,2321.53662109375,179.021728515625,0,0,0,strongly disagree
0,32,10,1,0,1,0,0,0,0,1,1,no opinion
0,26,11,1,0,1,4699.962890625,1174.990966796875,6672.02099609375,0,0,0,strongly agree
0,27,11,1,0,1,3065.194091796875,766.298583984375,0,0,0,0,strongly agree
1,27,10,1,0,1,1001.14599609375,3550.074951171875,0,0,0,0,strongly disagree
1,34,11,0,0,1,5061.57861328125,4641.46728515625,2877.68212890625,1,0,0,neutral
0,26,10,1,0,1,0,0,3931.238037109375,0,1,1,strongly agree
0,32,8,1,0,1,0,0,7152.1318359375,0,1,1,agree
0,31,11,1,0,1,17711.880859375,1726.4449462890625,0,0,0,0,neutral
0,31,11,1,0,1,7662.1689453125,6382.5869140625,0,0,0,0,disagree
1,21,11,0,0,1,21589.083984375,17983.70703125,15191.9111328125,1,0,0,strongly disagree
1,25,11,1,0,1,0,NA,485.22979736328125,0,1,1,disagree
0,31,10,1,0,1,0,0,0,0,1,1,no opinion
0,31,10,1,0,1,0,0,17014.58984375,0,1,1,strongly agree
0,31,10,1,0,1,0,520.4462890625,14527.8798828125,0,1,0,strongly agree
1,17,10,1,0,1,0,0,0,0,1,1,strongly disagree
1,30,11,1,0,1,1913.03369140625,1913.03369140625,0,0,0,0,strongly disagree
1,19,11,1,NA,1,0,0,7458.10498046875,0,1,1,no opinion
0,31,8,1,0,1,5495.41455078125,4577.68017578125,6153.82958984375,0,0,0,NA
1,20,11,1,0,1,0,0,3972.5400390625,0,1,1,neutral
0,20,8,0,0,1,1350.30126953125,1124.801025390625,11731.197265625,1,0,0,strongly disagree
1,23,10,1,0,1,0,0,7693.39990234375,0,1,1,agree
0,24,9,1,0,1,2788.498046875,0,16461.5703125,0,0,1,disagree
1,18,10,1,0,1,0,798.90789794921875,9737.154296875,0,1,0,disagree
0,18,10,1,0,1,1557.4085693359375,1428.1436767578125,11602.935546875,0,0,0,strongly agree
1,30,10,1,0,1,3140.236083984375,2615.816650390625,0,0,0,0,disagree
0,22,10,1,0,1,16486.171875,13732.98046875,10770.962890625,0,0,0,strongly agree
0,25,11,1,0,1,2622.09716796875,2455.0673828125,8764.1474609375,0,0,0,strongly disagree
1,20,10,1,0,1,6123.45654296875,5100.8388671875,13626.0439453125,0,0,0,strongly agree
0,20,10,1,0,1,0,0,2015.5030517578125,0,1,1,neutral
0,25,11,1,0,1,0,0,0,0,1,1,strongly agree
1,25,11,1,0,1,0,0,0,0,1,1,agree
0,20,9,1,0,1,3311.802734375,2483.85205078125,0,0,0,0,neutral
0,29,11,1,0,1,3550.888671875,3256.164794921875,3290.293212890625,0,0,0,agree
0,24,11,1,0,1,0,0,0,0,1,1,strongly disagree
1,20,7,1,0,1,1884.1416015625,1569.489990234375,5518.0830078125,0,0,0,disagree
0,29,9,1,0,1,0,1203.823974609375,9378.6533203125,0,1,0,strongly agree
1,24,9,1,0,1,9154.7001953125,2288.675048828125,4849.55908203125,0,0,0,disagree
0,28,11,1,0,1,2431.948974609375,863.4794921875,0,0,0,0,strongly agree
0,28,11,1,0,1,0,0,5767.1328125,0,1,1,disagree
0,29,8,1,0,1,0,0,0,NA,1,1,strongly agree
0,27,9,0,0,1,2129.015625,1596.7618408203125,6723.4140625,1,0,0,no opinion
0,28,10,1,0,1,1471.29296875,367.8233947753906,4858.89501953125,0,0,0,strongly disagree
0,28,10,1,0,1,6567.3291015625,6567.3291015625,5435.78662109375,0,0,0,strongly disagree
0,28,10,1,0,1,5377.65576171875,4479.5869140625,128.6719970703125,0,0,0,strongly agree
0,23,11,1,0,1,6382.30908203125,580.79010009765625,0,0,0,0,neutral
0,33,5,0,0,1,0,0,0,1,1,1,no opinion
0,23,10,1,0,1,0,0,0,0,1,1,no opinion
1,27,11,1,0,1,2206.93994140625,2666.27392578125,0,0,0,0,strongly disagree
1,27,11,1,0,1,0,0,0,0,1,1,neutral
1,27,11,1,0,1,0,0,549.29840087890625,0,1,1,strongly agree
1,28,9,1,0,1,0,0,10694.2900390625,0,1,1,strongly disagree
0,28,9,1,0,1,0,0,0,0,1,1,no opinion
0,27,10,1,0,1,0,0,1135.469970703125,0,1,1,disagree
0,27,10,1,0,1,0,0,1184.8819580078125,0,1,1,strongly disagree
1,28,8,1,0,1,1577.0479736328125,1182.7860107421875,7779.26318359375,0,0,0,strongly agree
0,28,8,1,0,1,11870.0908203125,10610.080078125,4623.18798828125,0,0,0,strongly agree
1,28,8,1,0,1,0,0,0,0,1,1,neutral
1,26,11,1,0,1,0,0,17230.9609375,0,1,1,neutral
0,26,11,1,0,1,0,0,7176.18701171875,0,1,1,disagree
1,31,9,0,0,1,0,0,26817.599609375,1,1,1,strongly disagree
0,27,9,1,0,1,2838.687744140625,2129.015869140625,0,0,0,0,neutral
1,27,9,1,0,1,3059.472900390625,2294.6044921875,2018.555908203125,0,0,0,disagree
1,27,9,1,0,1,0,0,0,0,1,1,agree
1,26,10,1,0,1,0,0,9265.7880859375,0,1,1,agree
1,26,10,1,0,1,25929.6796875,6788.9580078125,672.8773193359375,0,0,0,no opinion
0,26,10,1,0,1,0,0,2169.027099609375,0,1,1,neutral
1,27,8,1,0,1,0,0,0,0,1,1,neutral
0,27,8,1,0,1,0,0,3783.659912109375,0,1,1,strongly disagree
0,20,11,0,0,1,0,0,6378.72021484375,1,1,1,no opinion
0,25,11,1,0,1,0,0,1264.2320556640625,0,1,1,neutral
0,25,11,1,0,1,3649.7685546875,3649.7685546875,0,0,0,0,strongly agree
0,25,11,1,0,1,15209.990234375,3072.72607421875,284.65838623046875,0,0,0,disagree
0,25,11,1,0,1,5281.2451171875,0,0,0,0,1,neutral
0,25,11,1,0,1,4672.2236328125,4284.42919921875,4116.7021484375,0,0,0,strongly agree
0,25,11,1,0,1,0,0,4196.375,0,1,1,strongly disagree
0,17,9,0,0,1,731.9815673828125,671.22705078125,4209.57958984375,1,0,0,strongly agree
0,26,9,1,0,1,7584.57373046875,6955.05419921875,11856.875,0,0,0,disagree
0,20,11,1,0,1,1931.2449951171875,3248.93701171875,6027.638671875,0,0,0,neutral
0,25,10,1,0,1,0,0,0,0,1,1,disagree
0,25,10,1,0,1,0,0,7367.0400390625,0,1,1,strongly disagree
0,25,10,1,0,1,0,0,289.7898864746094,0,1,1,agree
1,25,10,1,0,1,0,0,0,0,1,1,strongly agree
1,24,11,1,0,1,0,0,1991.4000244140625,0,1,1,no opinion
0,24,11,1,0,1,13627.26953125,13370.5751953125,19533.8828125,0,0,0,strongly disagree
1,24,11,1,0,1,0,0,995.7001953125,0,1,1,no opinion
0,17,11,1,0,1,0,0,8551.533203125,0,1,1,disagree
0,17,11,1,0,1,4080.72998046875,3796.029052734375,0,0,0,0,no opinion
0,17,11,1,0,1,989.267822265625,165.20770263671875,4251.126953125,0,0,0,strongly agree
0,17,11,1,0,1,1261.501220703125,1156.796630859375,6365.03125,0,0,0,neutral
1,23,11,1,0,1,11946.119140625,8959.5888671875,1659.499755859375,0,0,0,strongly agree
1,23,11,1,0,1,0,0,0,0,1,1,strongly disagree
0,23,11,1,0,1,0,0,0,0,1,1,NA
1,23,11,1,0,1,2355.178466796875,1961.8636474609375,3689.1259765625,0,NA,0,neutral
0,23,11,1,0,1,0,0,5088.759765625,NA,1,1,strongly agree
0,23,11,1,0,1,0,1896.02294921875,5573.546875,0,1,0,agree
0,23,11,1,0,1,0,0,0,0,1,1,disagree
0,24,10,1,0,1,0,0,0,0,1,1,strongly agree
0,24,10,1,NA,1,1570.1180419921875,1307.9083251953125,0,0,0,0,strongly disagree
1,24,10,1,0,1,0,0,0,0,1,1,strongly agree
0,24,10,1,NA,1,0,0,0,0,1,1,disagree
1,24,10,1,0,1,0,0,0,0,1,1,strongly agree
0,24,10,1,0,1,0,0,7618.63916015625,0,1,1,no opinion
0,18,11,1,0,1,1064.698974609375,645.27227783203125,5497.5908203125,0,0,0,strongly disagree
0,18,NA,1,0,1,1170.3271484375,1170.3271484375,604.22869873046875,0,0,0,no opinion
0,18,11,1,0,1,0,0,0,0,1,1,strongly agree
1,18,11,1,0,1,1135.4747314453125,851.6060791015625,0,0,0,0,neutral
1,18,11,1,0,1,858.2542724609375,214.5635986328125,929.8839111328125,0,0,0,disagree
1,18,11,1,0,1,0,0,0,0,1,1,disagree
0,18,11,1,0,1,2499.64111328125,2292.1708984375,4994.2265625,0,0,0,agree
0,18,8,0,0,1,0,0,10798.5595703125,1,1,1,no opinion
0,17,10,1,0,1,0,0,0,0,1,1,agree
1,17,10,1,0,1,0,0,NA,0,1,1,agree
0,17,10,1,0,1,0,0,275.56610107421875,0,1,1,agree
0,17,10,1,0,1,0,0,1143.386962890625,0,1,1,agree
1,17,10,1,0,1,188.4142608642578,156.94908142089844,10641.240234375,0,0,0,agree
1,17,10,1,0,1,0,0,0,0,1,1,strongly disagree
0,17,10,1,0,1,0,0,2189.426025390625,0,1,1,strongly disagree
1,17,10,1,0,1,0,0,16218.0400390625,0,1,1,no opinion
0,17,10,1,0,1,2072.5556640625,1726.4388427734375,11061.615234375,0,0,0,strongly agree
1,17,10,1,0,1,1201.140625,1000.5501098632812,1433.53125,0,0,0,disagree
1,17,10,1,0,1,934.44537353515625,856.88641357421875,3251.099609375,0,0,0,agree
0,17,10,1,0,1,0,664.5689697265625,0,0,1,0,agree
0,22,11,1,0,1,7914.130859375,1321.6600341796875,2639.2900390625,0,0,0,neutral
1,22,11,1,0,1,NA,0,6456.69677734375,0,1,1,strongly agree
0,22,11,1,0,1,8810.0673828125,6974.48388671875,3708.718994140625,0,0,0,agree
1,22,11,1,0,1,8125.35107421875,8774.791015625,18295.81640625,NA,0,0,no opinion
1,22,11,1,0,1,661.8984375,606.96087646484375,317.8951721191406,0,0,0,agree
0,22,11,1,0,1,0,0,0,0,1,1,no opinion
0,22,11,1,0,1,3250.146240234375,2707.371826171875,100.69982147216797,0,0,0,agree
0,19,11,1,0,1,0,0,0,0,1,1,neutral
0,19,11,1,0,1,0,0,0,0,1,1,no opinion
0,19,11,1,0,1,721.340576171875,2445.589111328125,9772.283203125,0,0,0,strongly agree
0,19,11,1,0,1,0,0,0,0,1,1,neutral
1,19,11,1,0,1,2102.50244140625,1927.9947509765625,11965.8125,0,0,0,strongly disagree
0,19,11,1,0,1,1626.623046875,0,0,0,0,1,agree
0,19,11,1,0,1,11827.8388671875,8870.87890625,7396.29248046875,0,0,0,neutral
0,19,11,1,0,1,705.19635009765625,705.19635009765625,0,0,0,0,no opinion
1,19,11,1,0,1,709.67144775390625,532.25360107421875,0,0,0,0,strongly agree
1,19,11,1,0,1,210.25027465820312,192.79949951171875,661.1923828125,0,0,0,no opinion
1,19,11,1,0,1,6971.326171875,6409.02685546875,11648.69921875,0,0,0,neutral
1,21,11,1,0,1,2878.113037109375,2158.5849609375,0,0,0,0,no opinion
1,21,11,1,0,1,6374.677734375,5310.1064453125,7906.3408203125,0,0,0,strongly disagree
0,21,11,1,0,1,2483.851806640625,1862.8887939453125,11630.6640625,0,0,0,disagree
0,21,11,1,0,1,0,0,1553.291015625,0,1,1,strongly agree
1,20,11,1,0,1,7008.33837890625,6426.646484375,16451.462890625,0,0,0,no opinion
1,20,11,1,0,1,16318.6201171875,1484.9940185546875,6943.341796875,0,0,0,agree
0,20,11,1,0,1,8009.1640625,7666.875,7659.2177734375,0,0,0,agree
1,20,11,1,0,1,759.23583984375,696.21923828125,0,0,0,0,strongly disagree
0,20,11,1,0,1,3784.502197265625,3470.388671875,7896.70703125,0,0,0,no opinion
0,23,10,1,0,1,0,0,0,0,1,1,strongly disagree
0,23,10,1,0,1,0,0,0,0,1,1,strongly disagree
0,23,10,1,0,1,0,0,0,0,1,1,no opinion
1,23,10,1,0,1,2956.965576171875,2217.724365234375,0,0,0,0,agree
0,25,8,1,0,1,0,0,3515.928955078125,0,1,1,neutral
1,25,8,1,0,1,0,0,0,0,1,1,no opinion
0,NA,10,1,0,1,0,604.15386962890625,0,0,1,0,strongly disagree
0,20,8,1,0,1,0,0,0,0,1,1,disagree
0,24,9,1,0,1,1275.356201171875,1275.356201171875,8644.427734375,0,0,0,strongly agree
0,24,9,1,0,1,9662.669921875,9662.669921875,0,0,0,0,disagree
0,18,10,1,0,1,0,0,11048.080078125,0,1,1,disagree
0,18,10,1,0,1,0,0,781.22430419921875,0,1,1,disagree
1,18,10,1,0,1,0,0,11163.169921875,0,1,1,strongly agree
1,18,10,1,0,1,763.12939453125,699.78961181640625,480.5270080566406,0,0,0,strongly disagree
0,18,10,1,0,1,960.42681884765625,240.10670471191406,2891.66796875,0,0,0,strongly agree
1,18,10,1,0,NA,1495.111572265625,1371.017333984375,12064.4130859375,0,0,0,disagree
0,18,10,1,0,1,1791.0198974609375,1642.365234375,0,0,0,0,neutral
0,18,10,1,0,1,1563.2490234375,0,9602.439453125,NA,0,1,agree
0,18,10,1,0,1,2491.85400390625,2285.030029296875,3268.938232421875,0,0,0,strongly disagree
0,18,10,1,0,1,0,0,202.28469848632812,0,1,1,strongly disagree
0,18,11,1,0,1,4985.125,4152.609375,4164.76708984375,0,0,0,no opinion
0,17,9,1,0,1,0,2595.26708984375,0,0,1,0,agree
0,17,9,1,0,1,827.95025634765625,620.96270751953125,18085.734375,0,0,0,strongly agree
0,17,9,1,0,1,0,0,3590.701904296875,0,1,1,no opinion
0,17,9,1,0,1,1608.588623046875,1206.44140625,NA,0,0,0,strongly agree
1,17,9,1,0,1,2001.9002685546875,1667.5830078125,5594.7294921875,0,0,0,no opinion
0,17,9,1,0,1,0,0,0,0,1,1,strongly disagree
1,17,9,1,0,1,0,0,1953.2679443359375,0,1,1,no opinion
1,17,9,1,0,1,1466.6524658203125,1341.651123046875,1374.0657958984375,0,0,0,no opinion
1,17,11,1,0,1,9266.560546875,8497.435546875,9017.00390625,0,0,0,strongly agree
1,NA,10,1,0,1,1168.056396484375,1071.107666015625,7315.4521484375,0,0,0,neutral
0,22,10,1,0,1,2119.658935546875,1765.676025390625,0,0,0,0,strongly disagree
0,22,10,1,0,1,0,0,0,0,1,1,neutral
1,22,10,1,0,1,785.05902099609375,653.95416259765625,11134.978515625,0,0,0,disagree
0,22,10,1,0,1,0,0,0,0,1,1,no opinion
0,26,6,1,0,NA,0,0,4813.0498046875,0,1,1,neutral
1,19,10,1,0,1,1499.0047607421875,1374.58740234375,13278.974609375,0,0,0,disagree
0,19,10,1,0,1,1051.2508544921875,963.9970703125,7047.080078125,0,0,0,strongly agree
1,19,10,1,0,1,0,385.27410888671875,8124.71484375,0,1,0,no opinion
0,19,10,1,0,1,0,0,5286.39599609375,0,1,1,neutral
0,19,10,1,0,1,1557.4085693359375,1428.1436767578125,4687.9375,0,0,0,strongly agree
1,19,10,1,0,1,0,0,3228.5029296875,0,1,1,strongly disagree
1,19,10,1,0,1,3878.19287109375,3473.8076171875,5861.603515625,0,0,0,disagree
0,19,10,1,0,1,0,0,4309.8779296875,0,1,1,no opinion
0,18,11,1,0,1,0,0,4657.27294921875,0,1,1,strongly agree
0,18,10,1,0,1,1716.509033203125,2682.125,0,0,0,0,strongly agree
0,21,10,1,0,1,1230.0972900390625,922.57293701171875,0,0,0,0,neutral
0,20,10,1,0,1,3745.489013671875,3677.58837890625,557.7498779296875,0,0,0,agree
1,20,10,1,0,1,5005.73095703125,2777.35498046875,5615.18896484375,0,0,0,strongly agree
1,23,9,1,0,1,2365.5732421875,1774.1800537109375,11464.7138671875,0,0,0,no opinion
1,23,8,0,0,1,0,0,3881.283935546875,1,1,1,neutral
0,18,9,1,0,1,2198.164306640625,2006.628662109375,6546.00927734375,0,0,0,strongly disagree
0,18,9,1,0,1,0,0,12486.169921875,0,1,1,agree
1,18,9,1,0,1,1401.6680908203125,1285.32958984375,15369.4775390625,0,0,0,strongly agree
0,18,9,1,0,1,0,0,10877.349609375,0,1,1,strongly disagree
0,18,9,1,0,1,0,0,2389.678955078125,0,1,1,disagree
0,18,9,1,0,1,0,0,0,0,1,1,agree
0,18,9,1,0,1,1605.4482421875,1605.4482421875,0,0,0,0,strongly agree
1,18,9,1,0,1,1577.0479736328125,1182.7860107421875,5100.46875,0,0,0,no opinion
0,18,9,1,0,1,588.7943115234375,490.46563720703125,3480.847412109375,0,0,0,neutral
0,18,9,1,0,1,1541.8349609375,1413.8626708984375,3475.52001953125,0,0,0,agree
0,18,9,1,0,1,0,0,9227.0517578125,0,1,1,strongly agree
1,18,9,1,0,1,0,3287.375,5010.341796875,0,1,0,no opinion
0,17,8,1,0,1,1962.3355712890625,2036.7904052734375,0,0,0,0,no opinion
0,17,8,1,0,1,0,0,7010.44384765625,0,1,1,NA
0,17,8,1,0,1,0,0,8993.865234375,0,1,1,agree
0,17,8,1,NA,1,1025.080322265625,768.8101806640625,3020.94775390625,0,0,0,neutral
1,17,8,1,0,1,0,0,8061.48486328125,0,1,1,no opinion
0,17,8,1,0,1,1284.862548828125,1178.218994140625,14380.1728515625,0,0,0,strongly agree
0,22,9,1,0,1,0,0,12898.3798828125,0,1,1,strongly disagree
0,22,9,1,0,1,0,0,0,0,1,1,strongly agree
1,22,9,1,0,1,0,0,4056.493896484375,0,1,1,disagree
0,26,5,1,0,1,0,0,0,0,1,1,strongly disagree
1,19,9,1,0,1,0,798.90789794921875,17685.1796875,0,1,0,no opinion
0,19,9,1,0,1,1083.3812255859375,902.45654296875,1914.41357421875,0,0,0,strongly disagree
1,19,9,1,0,1,0,0,8173.908203125,0,1,1,agree
0,19,9,1,0,1,0,0,5712.64306640625,0,1,1,disagree
0,19,9,1,0,1,2881.206787109375,2642.066650390625,2652.62451171875,0,0,0,strongly disagree
0,19,9,1,0,1,1537.9293212890625,1537.9293212890625,4188.7353515625,0,0,0,agree
1,18,9,1,0,1,0,0,4482.84521484375,0,1,1,strongly disagree
0,18,9,1,0,1,0,0,0,0,1,1,disagree
0,18,9,1,0,1,0,0,10740.080078125,0,1,1,neutral
1,21,9,1,0,1,0,0,0,0,1,1,agree
0,21,9,1,0,1,591.49908447265625,0,3343.22412109375,0,0,1,strongly agree
1,21,9,1,0,1,6416.47021484375,5749.3310546875,743.6666259765625,0,0,0,disagree
1,20,9,1,0,1,720.30084228515625,660.515869140625,12229.6259765625,0,0,0,neutral
0,20,9,1,0,1,0,0,5193.0888671875,0,1,1,neutral
0,20,9,1,0,1,0,0,2035.9139404296875,0,1,1,strongly agree
0,23,8,1,0,1,0,0,3746.700927734375,0,1,1,strongly agree
0,23,8,1,0,1,7724.283203125,3403.055908203125,0,0,0,0,strongly agree
0,24,7,1,0,1,0,0,2193.528076171875,0,1,1,no opinion
1,18,8,1,0,1,1308.2236328125,1199.6409912109375,0,0,0,0,no opinion
1,18,8,1,0,1,0,0,0,0,1,1,agree
0,18,8,1,0,1,0,0,NA,0,1,1,agree
1,17,7,1,0,1,0,0,3023.87890625,0,1,1,disagree
0,22,8,1,0,1,0,0,1390.509033203125,0,1,1,neutral
0,22,8,1,0,1,6891.69384765625,6150.5205078125,0,0,0,0,disagree
1,19,8,1,0,1,0,2657.056884765625,9970.6806640625,0,1,0,strongly disagree
0,21,8,1,0,1,39570.6796875,6608.30419921875,3083.5810546875,0,0,0,agree
0,20,8,1,0,1,0,0,3644.655029296875,0,1,1,agree
1,25,5,1,0,1,0,0,12187.41015625,0,1,1,strongly disagree
1,25,5,1,0,1,0,0,6181.8798828125,0,1,1,disagree
0,21,7,1,0,1,33799.94921875,0,11011.5703125,0,0,1,agree
1,18,6,1,0,1,0,0,0,0,1,1,strongly disagree
1,27,10,0,0,1,459.4355773925781,421.30242919921875,3075.86181640625,1,0,0,strongly disagree
1,27,10,0,0,NA,0,0,11142.8701171875,1,1,1,neutral
0,26,11,0,0,1,1789.935546875,1491.0162353515625,0,NA,0,0,neutral
0,20,6,1,0,1,6006.87890625,2850.610107421875,0,0,0,0,no opinion
1,20,9,0,0,1,12260.7802734375,5875.048828125,1358.6429443359375,1,0,0,disagree
0,20,7,0,0,1,0,0,4374.0400390625,1,1,1,strongly disagree
0,25,9,0,0,1,0,0,15791.1298828125,1,1,1,no opinion
0,17,10,0,0,1,0,0,8469.275390625,1,1,1,neutral
1,21,11,0,0,1,1395.3900146484375,1395.3900146484375,0,1,0,0,agree
0,18,10,0,0,1,0,0,6527.9189453125,1,1,1,agree
1,18,10,0,0,1,2589.0419921875,2589.0419921875,0,1,0,0,neutral
1,17,9,0,0,1,445.17041015625,74.34345245361328,6210.669921875,1,0,0,disagree
0,19,10,0,0,1,1197.4615478515625,1197.4615478515625,11223.7197265625,1,0,0,neutral
0,25,7,0,0,1,1413.106689453125,1177.117919921875,9722.3486328125,1,0,0,agree
0,18,9,0,0,1,1646.5101318359375,1646.5101318359375,1065.6722412109375,1,0,0,agree
1,18,9,0,0,1,1868.89111328125,1713.773193359375,8836.5654296875,1,0,0,agree
0,18,9,0,0,1,2927.927734375,2684.909912109375,2978.66943359375,1,0,0,strongly agree
1,22,9,0,0,1,0,0,3595.89404296875,1,1,1,neutral
1,19,9,0,0,1,6511.1240234375,6511.1240234375,7913.3857421875,1,0,0,neutral
0,19,9,0,0,1,0,0,3811.68310546875,1,1,1,strongly disagree
1,20,9,0,0,1,8740.939453125,8015.44189453125,5487.9697265625,1,0,0,strongly disagree
0,18,8,0,0,1,3311.802734375,2483.85205078125,11135.5341796875,NA,0,0,no opinion
0,22,8,0,0,1,0,0,9920.9453125,1,1,1,strongly disagree
1,19,8,0,0,1,2483.851806640625,1862.8887939453125,8774.623046875,1,0,0,neutral
0,24,4,0,0,1,0,0,3880.8330078125,1,1,1,strongly agree
